,brand,title,price
0,Gear,Medium 28 L Laptop Backpack VINTAGE2 ANTI THEFT FAUX LEATHER,"₹1,079"
1,PROVOGUE,Medium 30 L Laptop Backpack Elegant expandable laptop backpack,₹584
2,PROVOGUE,Large 35 L Laptop Backpack Spacy unisex backpack with rain cover and reflective strip,₹799
3,MTROCRAFT,Medium 30 L Laptop Backpack Walker Office Backpack,₹540
4,WESLEY,Large 45 L Laptop Backpack Unisex Travel hiking laptop bag fits upto 17.3 inch with Raincover and internal organiser backpack Rucksack College bag,₹798
5,METRONAUT,Medium 30 L Laptop Backpack Khadi Textured Hi storage,₹474
6,METRONAUT,Medium 30 L Laptop Backpack Khadi Textured Hi storage,₹474
7,Metin,Small 15 L Laptop Backpack BP407-Brown Travel Backpack Leather Hiking Waterproof Smart Backpack For Men and Women 15 L Backpack,"₹2,795"
8,urban carrier,Large 45 L Laptop Backpack Medium 45 Liters Laptop Backpack Multicolor Grey White Laptop Backpack Unisex College & School Bags,₹549
9,MTROCRAFT,Large 40 L Laptop Backpack Walker Backapck Red,₹540
10,PROVOGUE,Large 35 L Laptop Backpack Spacy unisex backpack with rain cover and reflective strip,₹799
11,PROVOGUE,Large 35 L Laptop Backpack Spacy unisex backpack with rain cover and reflective strip,₹756
12,Arctic fox,Small 15 L Backpack Black Drawstring Bag,₹167
13,ADAMSON,"Medium 22 L Laptop Backpack Casual college, tution bag",₹299
14,RUGZAK,Large 35 L Laptop Backpack Waterproof expandable laptop bags (Grey),₹472
15,PROVOGUE,Large 35 L Laptop Backpack Fire 35 L waterproof backpack PG-0054,₹607
16,Gearcop,Medium 30 L Laptop Backpack GRCPB0071,₹399
17,PROVOGUE,Large 35 L Laptop Backpack Spacy unisex backpack with rain cover and reflective strip,₹799
18,MTROCRAFT,Medium 30 L Laptop Backpack Walker Office Backpack,₹540
19,Prolific,"Medium 25 L Laptop Backpack STYLISH-25 LTR BACKPACK LAPTOP BACKPACK FOR 14 INCH LAPTOP AND NYLON WATER RESISTANCE BACKPACK WITH USB CHARGING PORT, IDEAL FOR SCHOOL, COLLEGE, OFFICE AND TRAVEL",₹495
20,Flycraft,Medium 30 L Laptop Backpack simn.1361/2,₹499
21,NorthZone,Large 32 L Laptop Backpack orthzone Unisex 15.6 inch 25 L Casual Waterproof Laptop/Travel/Office/School/College/Business Bag/Backpack (Navy blue),₹569
22,NorthZone,Medium 25 L Laptop Backpack 17 inch,₹499
23,Gear,Small 20 L Laptop Backpack CLASSIC ANTI THEFT FAUX LEATHER,"₹1,071"
24,Arctic fox,Small 15 L Backpack Obsidian Drawstring Bag,₹167
25,HP,15.6 L Laptop Backpack JDBAG00007,₹389
26,Mi,Small 12 L Backpack Step Out 12 liters Water Repellent Backpack,₹349
27,Gear,Medium 27 L Backpack ECO 6 Backpack with Raincover,₹849
28,PROVOGUE,Large 35 L Laptop Backpack Spacy unisex backpack with rain cover and reflective strip,₹799
29,LOUIS CARON,Large 35 L Laptop Backpack HiStorage,₹537
30,RUGZAK,Large 35 L Laptop Backpack Waterproof expandable laptop bags (Black),₹472
31,Zikki,Medium 27 L Laptop Backpack 27L Laptop Bag for Women and Men | Trending school Backpacks bag for Girls Boys kids Stylish (Black),₹594
32,NorthZone,Large 32 L Laptop Backpack orthzone Unisex 15.6 inch 25 L Casual Waterproof Laptop/Travel/Office/School/College/Business Bag/Backpack (Navy blue),₹540
33,DREAMZ STYLISH,Large 35 L Laptop Backpack face -1 Spacy backpack for men & women| for school|for college boys & girls 35 L Laptop Backpack (Blue),₹464
34,Gearcop,Medium 30 L Laptop Backpack GRCPB0071,₹399
35,Gear,Small 20 L Laptop Backpack CLASSIC ANTI THEFT FAUX LEATHER,"₹1,061"
36,PROVOGUE,Large 35 L Laptop Backpack Unisex Blue Solid Large Laptop cum Backpack-CC-1,₹616
37,urban carrier,Large 45 L Laptop Backpack Medium 45 Liters Laptop Backpack Royal Blue Laptop Backpack Unisex College & School Bags,₹549
38,capriff,Large 31 L Laptop Backpack navy blue backpack casual unisex school bag collage bag travel backpack bag laptop backpack bag (31 liters),₹499
39,SKYBAGS,Small 17 L Backpack RAGER 03,₹592
40,METRONAUT,Large 35 L Laptop Backpack Stylish Unisex Backpack Casual Laptop Bag-Office Bag-School Bag And College Bag-Multipurpose Backpack,₹499
41,Addu,Large 35 L Laptop Backpack School Backpack|Office Bag|Trendy Backpack|Stylish Fashion Bag Daily Use For Men And Women|Tuition Backpack|Shoulder Backpack|Business Backpack|Work Backpack|Travel Backpack|Casual Backpack|College Backpack For Women|Waterresistant Backpack For Unisex,₹399
42,PLAYYBAGS,Large 35 L Laptop Backpack PLAYY130,₹545
43,Ransel,"Medium 30 L Laptop Backpack STYLISH-30 LTR BACKPACK LAPTOP BACKPACK FOR 15.4 INCH LAPTOP WATER PROOF BACKPACK, IDEAL FOR SCHOOL, COLLEGE, OFFICE AND TRAVEL 30 L Backpack",₹495
44,Billion,HiStorage Laptop Backpack,₹599
45,Acrux,Large 35 L Laptop Backpack Troy,₹474
46,outbox,Medium 25 L Laptop Backpack AMAZE K2 STAR BLACK 18,₹299
47,Gear,Medium 28 L Laptop Backpack VINTAGE2 ANTI THEFT FAUX LEATHER,"₹1,079"
48,Goldstar,Medium 28 L Laptop Backpack Medium 28 L Laptop Backpack 28 L Duralite Casual Backpack for Men Women | Laptop bagpack for Men Women | Multipurpose Daily Use Travel Bag Small Travelling Hiking Trekking Camping Sort Trips Beg | School College laptop waterproof Bags for Girls Boys | Small Travel Bag | Mini Rucksack | Gym Sports Football bags Dry Backpacks | 15.6 inch laptop backpack office men.,₹485
49,LOUIS CARON,Large 35 L Laptop Backpack HiStorage,₹537
50,PROVOGUE,Large 35 L Laptop Backpack Spacy unisex backpack with rain cover and reflective strip,₹799
51,Isparro,Large 35 L Laptop Backpack Stylish Light Weight Backpack,₹568
52,SKYBAGS,Large 32 L Laptop Backpack NEW NEON 13 SCHOOL BAG (H) BLUE,₹849
53,PROVOGUE,Large 40 L Laptop Backpack unisex backpack with rain cover and reflective strip,"₹1,259"
54,Goldstar,Medium 30 L Laptop Backpack 30 L Casual Waterproof Laptop Backpack/Office Bag/School Bag/College Bag/Business Bag/Unisex Travel Backpack (RED),₹480
55,PROVOGUE,Medium 30 L Laptop Backpack Elegant expandable laptop backpack,₹584
56,urban carrier,Large 45 L Laptop Backpack Indian Army Print Stylish Office Laptop Backpack Unisex College & School Bag,₹549
57,PROVOGUE,Large 35 L Laptop Backpack Spacy unisex backpack with rain cover and reflective strip,₹756
58,Wildcraft,Medium 30 L Backpack Spacy_Mel,"₹1,209"
59,PROVOGUE,Large 35 L Laptop Backpack Spacy unisex backpack with rain cover and reflective strip,₹756
60,ADAMSON,"Medium 22 L Laptop Backpack Casual college, tution bag",₹299
61,Mi,Medium 21 L Laptop Backpack Business Casual,₹999
62,PROVOGUE,"Large 48 L Laptop Backpack Bingo -3 Compartment Premium Quality, Office/College/School Laptop Bag for upto 15.6” Laptop with internal organiser",₹899
63,Metin,Small 15 L Laptop Backpack BP407-Brown Travel Backpack Leather Hiking Waterproof Smart Backpack For Men and Women 15 L Backpack,"₹2,795"
64,Wincey,Large 40 L Laptop Backpack (WINCEY_BACKPACK)lightweight Casual Waterproof 30 Laptop Backpack WITH (RAIN COVER)(Blue),₹598
65,NHQ FASHION,55 L Laptop Backpack 55 L Travel Backpack for Outdoor Sport Hiking Rucksuck,₹699
66,Ransel,"Medium 30 L Laptop Backpack STYLISH-30 LTR BACKPACK LAPTOP BACKPACK FOR 15.4 INCH LAPTOP WATER PROOF BACKPACK, IDEAL FOR SCHOOL, COLLEGE, OFFICE AND TRAVEL 30 L Backpack",₹495
67,PROVOGUE,Large 35 L Laptop Backpack Fire 35 L waterproof backpack PG-0054,₹607
68,SEEBA,Medium 25 L Laptop Backpack Casual 15.6 inch Laptop Bag,₹356
69,PROVOGUE,Large 35 L Laptop Backpack Spacy unisex backpack with rain cover and reflective strip,₹799
70,PROVOGUE,Large 45 L Laptop Backpack JERSEY,₹944
71,Gear,Small 20 L Laptop Backpack CLASSIC ANTI THEFT FAUX LEATHER,"₹1,071"
72,Pro Life,Small 20 L Backpack Poliyester School College Multipurpose,₹484
73,PUMA,18.5 L Laptop Backpack PIONEER I I,₹749
74,perfect leather,Medium 25 L Laptop Backpack Trendy Backpack College school Trevel Causal Laptop carrying 1680 Men Bags backpack 25 L,₹424
75,HEROZ,Large 45 L Laptop Backpack HAMMER,"₹1,345"
76,Gear,Medium 25 L Backpack BOMBER ECO STATEMENT 2C,₹599
77,YNA,Medium 30 L Laptop Backpack Smart Anti Theft Backpack Waterproof Bagpack,₹849
78,zendro,"Medium 22 L Laptop Backpack Medium 22 L Laptop Backpack stylish and tuff quality used for Casual, college and tution For- Boy's and Girl's",₹499
79,Gear,Medium 27 L Backpack ECO 6 Backpack with Raincover,₹849
80,ADAMSON,"Medium 22 L Laptop Backpack Laptop Backpack Casual college, tution bag",₹299
81,Lunar,"Large 48 L Laptop Backpack Bingo -3 Compartment Premium Quality, Office/College/School Laptop Bag for upto 15.6” Laptop with internal organiser",₹899
82,SKYBAGS,Large 31 L Backpack SB MARVEL (E) 06,"₹1,149"
83,Isparro,Large 35 L Laptop Backpack Stylish Light Weight Backpack,₹568
84,RUGZAK,Large 35 L Laptop Backpack Waterproof expandable laptop bags (Teal blue),₹472
85,Wildcraft,17.5 L Laptop Backpack Knight W,₹805
86,PAZZO,Small 16 L Backpack Small Bag for Daily Use - 1 Compartment Mini Backpack,₹227
87,PROVOGUE,Medium 30 L Laptop Backpack Elegant expandable laptop backpack,₹584
88,fellow,Large 45 L Backpack Large 45L Unisex Laptop Backpack |School Bag| |College Bag||Backpack|(Purple/Grey),₹625
89,ARISTOCRAT,Large 34 L Backpack Z6,₹890
90,DREAMZ STYLISH,Large 32 L Laptop Backpack 60011,₹499
91,PROVOGUE,Large 35 L Laptop Backpack Spacy unisex backpack with rain cover and reflective strip,₹756
92,Carriway,Medium 30 L Laptop Backpack Storm Buster CRW10,₹599
93,AMERICAN TOURISTER,32.5 L Backpack Fizz Sch Bag,"₹1,269"
94,Wildcraft,Medium 30 L Laptop Backpack Seek,"₹1,091"
95,Metin,Small 15 L Laptop Backpack BP407-Brown Travel Backpack Leather Hiking Waterproof Smart Backpack For Men and Women 15 L Backpack,"₹2,795"
96,Gear,Small 16 L Backpack Carry On,₹260
97,Lunar,Large 35 L Backpack V Line - 3 Compartment College | School Bag,₹799
98,AMERICAN TOURISTER,32.5 L Backpack Fizz Sch Bag,"₹1,175"
99,PROVOGUE,Large 35 L Laptop Backpack Fire 35 L waterproof backpack PG-0054,₹607
100,Wildcraft,Large 43 L Laptop Backpack Daredevil,"₹1,309"
101,urban carrier,Large 45 L Laptop Backpack Cord Maity MRC Premium High Quality Large 45 Laptop Backpack Large 45L Unisex Laptop Backpack Girls & Boys School Bag College Bag Medium Backpack,₹549
102,GOOD FRIENDS,Medium 21 L Laptop Backpack Boy's and Girl's Tuff College School Casual Backpack Bags,₹399
103,Gear,Small 20 L Laptop Backpack CLASSIC ANTI THEFT FAUX LEATHER,"₹1,071"
104,DEZiRE CRAfTS,Small 10 L Backpack DC Light Weight Small Tracking Attractive Tution Bags,₹310
105,Lunar,"Large 35 L Laptop Backpack High Quality 30L Laptop Bag upto 15.6"" Laptop with Rain Cover and Internal Organiser for Office/School/College/Travel",₹849
106,SKYBAGS,Large 33 L Laptop Backpack Herios Plus 04 Black,"₹1,500"
107,Gear,Medium 27 L Backpack ECO 6 Backpack with Raincover,₹849
108,SKYBAGS,Medium 30 L Laptop Backpack Campus Plus 03,"₹1,552"
109,MegaStar,Large 45 L Laptop Backpack Ultimate 45L Premium Quality Hi Storage Travel Laptop Backpack With IPX4 Water Resistant And Up To 17.3 Inch Laptop With Rain Cover And Internal Organiser For Office/School/College/Travel,"₹1,299"
110,RUGZAK,Medium 30 L Laptop Backpack waterproof expandable laptop backpack with rain cover RG-002001,₹472
111,PROVOGUE,Large 35 L Laptop Backpack Spacy unisex backpack with rain cover and reflective strip,₹799
112,SKYBAGS,Large 32 L Backpack NEW NEON 18 SCHOOL BAG (H) BLUE,₹829
113,Gear,Medium 28 L Laptop Backpack VINTAGE2 ANTI THEFT FAUX LEATHER,"₹1,079"
114,Mi,Small 12 L Backpack Step Out 12 liters Water Repellent Backpack,₹349
115,Zikki,Medium 27 L Laptop Backpack 27L Laptop Bag for Women and Men | Trending school Backpacks bag for Girls Boys kids Stylish (Black),₹594
116,SKYBAGS,Large 31 L Backpack SB MARVEL (E) 07,"₹1,266"
117,MTROCRAFT,Medium 30 L Laptop Backpack MATRIX,₹449
118,PROVOGUE,"Large 48 L Laptop Backpack Bingo -3 Compartment Premium Quality, Office/College/School Laptop Bag for upto 15.6” Laptop with internal organiser",₹899
119,LOUIS CARON,Large 35 L Laptop Backpack Pluto 15.6 inch 35 L,₹566
